{
  "banana": {
    "N": {
      "min": 92.0,
      "max": 109.5,
      "mean": 100.77697841726619
    },
    "P": {
      "min": 75.0,
      "max": 88.0,
      "mean": 82.56115107913669
    },
    "K": {
      "min": 47.0,
      "max": 53.0,
      "mean": 50.34532374100719
    },
    "temperature": {
      "min": 26.312919495000003,
      "max": 28.6956201,
      "mean": 27.49756578741007
    },
    "humidity": {
      "min": 77.87553051,
      "max": 82.690189805,
      "mean": 80.18048110316546
    },
    "pH": {
      "min": 5.740660046,
      "max": 6.2113389755,
      "mean": 5.978760229719424
    },
    "rainfall": {
      "min": 96.46421488,
      "max": 112.1066268,
      "mean": 104.47998765258993
    }
  },
  "mungbean": {
    "N": {
      "min": 10.0,
      "max": 32.0,
      "mean": 21.23134328358209
    },
    "P": {
      "min": 40.0,
      "max": 54.0,
      "mean": 47.11194029850746
    },
    "K": {
      "min": 17.0,
      "max": 22.0,
      "mean": 19.888059701492537
    },
    "temperature": {
      "min": 27.846202177499997,
      "max": 29.2162057125,
      "mean": 28.49291535902985
    },
    "humidity": {
      "min": 83.3088973325,
      "max": 87.886264445,
      "mean": 85.50742300283582
    },
    "pH": {
      "min": 6.48069890625,
      "max": 6.982787440000001,
      "mean": 6.72918508241791
    },
    "rainfall": {
      "min": 43.009067527499994,
      "max": 54.780428602499995,
      "mean": 48.15310166223881
    }
  },
  "orange": {
    "N": {
      "min": 9.0,
      "max": 28.0,
      "mean": 18.8
    },
    "P": {
      "min": 9.0,
      "max": 23.0,
      "mean": 16.323076923076922
    },
    "K": {
      "min": 8.0,
      "max": 12.0,
      "mean": 10.076923076923077
    },
    "temperature": {
      "min": 16.706039245,
      "max": 29.6979749325,
      "mean": 22.87601292846154
    },
    "humidity": {
      "min": 91.074815045,
      "max": 93.423344965,
      "mean": 92.17584684915386
    },
    "pH": {
      "min": 6.543191814,
      "max": 7.511755068,
      "mean": 7.027862051576923
    },
    "rainfall": {
      "min": 106.44579335,
      "max": 115.71658705,
      "mean": 110.90070880461538
    }
  },
  "jute": {
    "N": {
      "min": 69.0,
      "max": 88.25,
      "mean": 78.19444444444444
    },
    "P": {
      "min": 41.0,
      "max": 53.0,
      "mean": 46.65972222222222
    },
    "K": {
      "min": 37.0,
      "max": 43.0,
      "mean": 39.979166666666664
    },
    "temperature": {
      "min": 23.88672897,
      "max": 25.85335877250001,
      "mean": 24.94920188486111
    },
    "humidity": {
      "min": 74.841797525,
      "max": 84.09985284,
      "mean": 80.09879447791667
    },
    "pH": {
      "min": 6.344751947000001,
      "max": 7.124333547,
      "mean": 6.720142796680555
    },
    "rainfall": {
      "min": 160.6217342,
      "max": 187.3096148,
      "mean": 174.2228917298611
    }
  },
  "maize": {
    "N": {
      "min": 66.0,
      "max": 87.0,
      "mean": 76.9
    },
    "P": {
      "min": 43.0,
      "max": 55.0,
      "mean": 48.284615384615385
    },
    "K": {
      "min": 17.0,
      "max": 22.0,
      "mean": 19.784615384615385
    },
    "temperature": {
      "min": 19.9884402025,
      "max": 24.9321581,
      "mean": 22.535313829615383
    },
    "humidity": {
      "min": 60.7724574125,
      "max": 69.27979873250001,
      "mean": 65.127368933
    },
    "pH": {
      "min": 5.859493752250001,
      "max": 6.60544481875,
      "mean": 6.253002035315385
    },
    "rainfall": {
      "min": 70.28419600000001,
      "max": 97.34109781000001,
      "mean": 84.054545642
    }
  },
  "coconut": {
    "N": {
      "min": 11.0,
      "max": 31.0,
      "mean": 21.100671140939596
    },
    "P": {
      "min": 9.0,
      "max": 23.0,
      "mean": 16.449664429530202
    },
    "K": {
      "min": 29.0,
      "max": 33.0,
      "mean": 30.630872483221477
    },
    "temperature": {
      "min": 26.29644905,
      "max": 28.56973521,
      "mean": 27.426634050134226
    },
    "humidity": {
      "min": 92.56492864,
      "max": 96.92786777,
      "mean": 94.91202134832214
    },
    "pH": {
      "min": 5.718120393,
      "max": 6.234458417000001,
      "mean": 5.985070515080537
    },
    "rainfall": {
      "min": 148.30036919999995,
      "max": 199.8778403,
      "mean": 174.47007247315435
    }
  },
  "apple": {
    "N": {
      "min": 12.0,
      "max": 31.0,
      "mean": 21.425373134328357
    },
    "P": {
      "min": 126.0,
      "max": 141.0,
      "mean": 133.88805970149255
    },
    "K": {
      "min": 197.0,
      "max": 203.0,
      "mean": 199.96268656716418
    },
    "temperature": {
      "min": 22.17468451,
      "max": 23.350356482499997,
      "mean": 22.66637170619403
    },
    "humidity": {
      "min": 90.97597665,
      "max": 93.554340825,
      "mean": 92.35366136328358
    },
    "pH": {
      "min": 5.7157542585000005,
      "max": 6.12468549175,
      "mean": 5.92595665702985
    },
    "rainfall": {
      "min": 107.17281909999998,
      "max": 118.6635705,
      "mean": 113.15081666716418
    }
  },
  "pomegranate": {
    "N": {
      "min": 8.0,
      "max": 30.0,
      "mean": 19.082706766917294
    },
    "P": {
      "min": 13.0,
      "max": 25.0,
      "mean": 18.736842105263158
    },
    "K": {
      "min": 38.0,
      "max": 43.0,
      "mean": 40.285714285714285
    },
    "temperature": {
      "min": 19.72620525,
      "max": 23.77989026,
      "mean": 21.743346550300753
    },
    "humidity": {
      "min": 88.71691157,
      "max": 92.40501423,
      "mean": 90.24277646338345
    },
    "pH": {
      "min": 5.938528744,
      "max": 6.887005997,
      "mean": 6.411027907962406
    },
    "rainfall": {
      "min": 105.1834976,
      "max": 109.91309840000002,
      "mean": 107.67097777593985
    }
  },
  "papaya": {
    "N": {
      "min": 39.0,
      "max": 59.0,
      "mean": 50.11347517730496
    },
    "P": {
      "min": 54.0,
      "max": 65.0,
      "mean": 59.02127659574468
    },
    "K": {
      "min": 47.0,
      "max": 52.0,
      "mean": 50.06382978723404
    },
    "temperature": {
      "min": 27.92765919,
      "max": 38.72382798,
      "mean": 33.433128438085106
    },
    "humidity": {
      "min": 91.1508798,
      "max": 93.61055571,
      "mean": 92.35587802304963
    },
    "pH": {
      "min": 6.617703177999999,
      "max": 6.833768535,
      "mean": 6.733869296340425
    },
    "rainfall": {
      "min": 87.53393983,
      "max": 202.0572747,
      "mean": 143.93703893198582
    }
  },
  "grapes": {
    "N": {
      "min": 11.75,
      "max": 35.0,
      "mean": 22.96875
    },
    "P": {
      "min": 125.0,
      "max": 139.0,
      "mean": 132.640625
    },
    "K": {
      "min": 197.0,
      "max": 203.0,
      "mean": 200.25
    },
    "temperature": {
      "min": 15.824046472500001,
      "max": 30.7280404,
      "mean": 23.48128777296094
    },
    "humidity": {
      "min": 80.73112694,
      "max": 82.7926544275,
      "mean": 81.79039197148437
    },
    "pH": {
      "min": 5.7343170070000005,
      "max": 6.299068157250002,
      "mean": 6.01395253878125
    },
    "rainfall": {
      "min": 66.907673235,
      "max": 71.63437433,
      "mean": 69.682103651875
    }
  },
  "coffee": {
    "N": {
      "min": 89.0,
      "max": 111.25,
      "mean": 101.06944444444444
    },
    "P": {
      "min": 23.0,
      "max": 34.0,
      "mean": 28.92361111111111
    },
    "K": {
      "min": 27.0,
      "max": 33.0,
      "mean": 30.11111111111111
    },
    "temperature": {
      "min": 24.171482859999998,
      "max": 26.7350622,
      "mean": 25.51490503763889
    },
    "humidity": {
      "min": 54.0745847875,
      "max": 63.5795856725,
      "mean": 58.89154237986112
    },
    "pH": {
      "min": 6.42015649575,
      "max": 7.13411409,
      "mean": 6.788201332590278
    },
    "rainfall": {
      "min": 136.7325092,
      "max": 177.816092,
      "mean": 157.70443811180556
    }
  },
  "muskmelon": {
    "N": {
      "min": 89.0,
      "max": 111.0,
      "mean": 99.88636363636364
    },
    "P": {
      "min": 12.0,
      "max": 25.0,
      "mean": 17.75
    },
    "K": {
      "min": 47.0,
      "max": 52.0,
      "mean": 49.90151515151515
    },
    "temperature": {
      "min": 27.9830380775,
      "max": 29.370037680000003,
      "mean": 28.65526771030303
    },
    "humidity": {
      "min": 90.8427791475,
      "max": 93.5758866525,
      "mean": 92.28488144825758
    },
    "pH": {
      "min": 6.150686364,
      "max": 6.547041902999999,
      "mean": 6.356000574643939
    },
    "rainfall": {
      "min": 22.458325295,
      "max": 26.88372572,
      "mean": 24.83696712651515
    }
  },
  "pigeonpeas": {
    "N": {
      "min": 10.0,
      "max": 30.0,
      "mean": 20.614285714285714
    },
    "P": {
      "min": 60.75,
      "max": 73.25,
      "mean": 67.69285714285714
    },
    "K": {
      "min": 18.0,
      "max": 23.0,
      "mean": 20.357142857142858
    },
    "temperature": {
      "min": 23.13000778,
      "max": 31.4725200025,
      "mean": 27.780868685714285
    },
    "humidity": {
      "min": 38.40975482,
      "max": 56.67369054,
      "mean": 47.84974107692858
    },
    "pH": {
      "min": 5.0893953795,
      "max": 6.4525343487499995,
      "mean": 5.85292663052143
    },
    "rainfall": {
      "min": 122.604582125,
      "max": 177.5764304,
      "mean": 149.74325674542857
    }
  },
  "lentil": {
    "N": {
      "min": 9.0,
      "max": 30.0,
      "mean": 18.908333333333335
    },
    "P": {
      "min": 61.75,
      "max": 74.25,
      "mean": 68.13333333333334
    },
    "K": {
      "min": 17.0,
      "max": 22.0,
      "mean": 19.366666666666667
    },
    "temperature": {
      "min": 21.627788035,
      "max": 27.521479215,
      "mean": 24.484568581166666
    },
    "humidity": {
      "min": 62.493026994999994,
      "max": 67.44122784,
      "mean": 64.75107927541667
    },
    "pH": {
      "min": 6.51049738775,
      "max": 7.39429470375,
      "mean": 6.925234770916666
    },
    "rainfall": {
      "min": 41.730568335,
      "max": 50.478008662499995,
      "mean": 45.8473795515
    }
  },
  "watermelon": {
    "N": {
      "min": 90.0,
      "max": 110.75,
      "mean": 100.11940298507463
    },
    "P": {
      "min": 10.0,
      "max": 23.0,
      "mean": 17.03731343283582
    },
    "K": {
      "min": 47.0,
      "max": 53.0,
      "mean": 50.223880597014926
    },
    "temperature": {
      "min": 24.90123934,
      "max": 26.268033907499998,
      "mean": 25.610872811791047
    },
    "humidity": {
      "min": 83.09194521,
      "max": 87.65291120250001,
      "mean": 85.22972886947763
    },
    "pH": {
      "min": 6.25971170375,
      "max": 6.7603206675,
      "mean": 6.497642557537313
    },
    "rainfall": {
      "min": 46.06193778,
      "max": 56.4726368575,
      "mean": 50.75550268649254
    }
  },
  "rice": {
    "N": {
      "min": 69.0,
      "max": 91.0,
      "mean": 80.10218978102189
    },
    "P": {
      "min": 41.0,
      "max": 54.0,
      "mean": 47.23357664233577
    },
    "K": {
      "min": 38.0,
      "max": 42.0,
      "mean": 39.81751824817518
    },
    "temperature": {
      "min": 21.84106875,
      "max": 25.2827223,
      "mean": 23.579169923211676
    },
    "humidity": {
      "min": 81.05635517,
      "max": 83.51827127,
      "mean": 82.36357837970803
    },
    "pH": {
      "min": 5.935344406,
      "max": 7.023936392,
      "mean": 6.408112323299271
    },
    "rainfall": {
      "min": 204.8001847,
      "max": 267.97619480000003,
      "mean": 238.10798592043795
    }
  },
  "blackgram": {
    "N": {
      "min": 27.0,
      "max": 52.0,
      "mean": 39.233870967741936
    },
    "P": {
      "min": 62.0,
      "max": 74.0,
      "mean": 67.58870967741936
    },
    "K": {
      "min": 16.0,
      "max": 22.0,
      "mean": 19.201612903225808
    },
    "temperature": {
      "min": 27.7956382925,
      "max": 32.37970082,
      "mean": 29.886096530725805
    },
    "humidity": {
      "min": 62.979008247500005,
      "max": 67.7411706125,
      "mean": 65.10354409612903
    },
    "pH": {
      "min": 6.812736205249999,
      "max": 7.4193900809999995,
      "mean": 7.127950025008064
    },
    "rainfall": {
      "min": 64.2751812375,
      "max": 71.54084912249999,
      "mean": 67.93582855274194
    }
  },
  "kidneybeans": {
    "N": {
      "min": 11.5,
      "max": 28.0,
      "mean": 20.614173228346456
    },
    "P": {
      "min": 61.0,
      "max": 73.0,
      "mean": 67.00787401574803
    },
    "K": {
      "min": 18.0,
      "max": 22.0,
      "mean": 20.212598425196852
    },
    "temperature": {
      "min": 18.124255835,
      "max": 21.808936064999997,
      "mean": 19.910594948110234
    },
    "humidity": {
      "min": 19.889306025,
      "max": 23.2844196,
      "mean": 21.59160738566929
    },
    "pH": {
      "min": 5.621767262500001,
      "max": 5.86416675,
      "mean": 5.744657059196851
    },
    "rainfall": {
      "min": 86.63525234,
      "max": 130.22544455,
      "mean": 106.84804535669292
    }
  },
  "mothbeans": {
    "N": {
      "min": 11.0,
      "max": 30.75,
      "mean": 21.35593220338983
    },
    "P": {
      "min": 43.0,
      "max": 56.0,
      "mean": 48.21186440677966
    },
    "K": {
      "min": 18.0,
      "max": 23.0,
      "mean": 20.23728813559322
    },
    "temperature": {
      "min": 26.465516635,
      "max": 30.06142622,
      "mean": 28.216829392372883
    },
    "humidity": {
      "min": 46.526834975,
      "max": 59.139149547500004,
      "mean": 52.985361465932186
    },
    "pH": {
      "min": 5.43359724025,
      "max": 8.340398059,
      "mean": 6.81157519509322
    },
    "rainfall": {
      "min": 37.3242158625,
      "max": 63.5159524375,
      "mean": 50.89853614788136
    }
  },
  "chickpea": {
    "N": {
      "min": 30.0,
      "max": 52.0,
      "mean": 40.54330708661417
    },
    "P": {
      "min": 61.5,
      "max": 74.0,
      "mean": 67.97637795275591
    },
    "K": {
      "min": 77.0,
      "max": 83.0,
      "mean": 80.14960629921259
    },
    "temperature": {
      "min": 17.868140665,
      "max": 19.76352132,
      "mean": 18.8824827815748
    },
    "humidity": {
      "min": 15.40312102,
      "max": 18.372219780000002,
      "mean": 16.854534637559052
    },
    "pH": {
      "min": 6.515499548999999,
      "max": 7.829211143999999,
      "mean": 7.28739360915748
    },
    "rainfall": {
      "min": 73.021037405,
      "max": 87.39378831,
      "mean": 80.22232681314959
    }
  },
  "cotton": {
    "N": {
      "min": 107.0,
      "max": 127.0,
      "mean": 117.26923076923077
    },
    "P": {
      "min": 40.0,
      "max": 51.75,
      "mean": 46.13846153846154
    },
    "K": {
      "min": 17.0,
      "max": 22.0,
      "mean": 19.623076923076923
    },
    "temperature": {
      "min": 23.0383248725,
      "max": 24.9451510275,
      "mean": 23.971273664
    },
    "humidity": {
      "min": 76.99631402749999,
      "max": 82.44777468,
      "mean": 79.96278871446154
    },
    "pH": {
      "min": 6.37843158925,
      "max": 7.43029313025,
      "mean": 6.94344635166923
    },
    "rainfall": {
      "min": 70.40557612,
      "max": 90.42224164,
      "mean": 79.93027774753845
    }
  },
  "mango": {
    "N": {
      "min": 11.0,
      "max": 29.75,
      "mean": 20.307692307692307
    },
    "P": {
      "min": 19.25,
      "max": 35.0,
      "mean": 27.20769230769231
    },
    "K": {
      "min": 27.0,
      "max": 32.0,
      "mean": 29.876923076923077
    },
    "temperature": {
      "min": 28.3471611,
      "max": 32.875103877499996,
      "mean": 31.066326180846158
    },
    "humidity": {
      "min": 47.9385709625,
      "max": 52.44726903,
      "mean": 50.19267015876923
    },
    "pH": {
      "min": 5.318424976,
      "max": 6.39413576575,
      "mean": 5.8019036648
    },
    "rainfall": {
      "min": 91.27310364,
      "max": 97.4442681475,
      "mean": 94.50561717446153
    }
  }
}