{
"meta":{"test_sets":[],"test_metrics":[],"learn_metrics":[{"best_value":"Min","name":"RMSE"}],"launch_mode":"Train","parameters":"","iteration_count":200,"learn_sets":["learn"],"name":"experiment"},
"iterations":[
{"learn":[73.1810797],"iteration":0,"passed_time":0.1552839864,"remaining_time":30.9015133},
{"learn":[66.29921445],"iteration":1,"passed_time":0.1689478565,"remaining_time":16.72583779},
{"learn":[60.56813745],"iteration":2,"passed_time":0.1806179013,"remaining_time":11.86057552},
{"learn":[55.35600938],"iteration":3,"passed_time":0.1895701316,"remaining_time":9.288936451},
{"learn":[50.43367019],"iteration":4,"passed_time":0.1975620315,"remaining_time":7.704919229},
{"learn":[46.15326034],"iteration":5,"passed_time":0.2035180523,"remaining_time":6.580417024},
{"learn":[42.3791594],"iteration":6,"passed_time":0.2090488536,"remaining_time":5.763775535},
{"learn":[38.89807477],"iteration":7,"passed_time":0.2140785857,"remaining_time":5.137886056},
{"learn":[35.42968716],"iteration":8,"passed_time":0.2191083735,"remaining_time":4.649966593,,
{"learn":[32.45900201],"iteration":9,"passed_time":0.2239704374,"remaining_time":4.255438311,,
{"learn":[29.71716782],"iteration":10,"passed_time":0.2281756442,"remaining_time":3.920472433,,
{"learn":[27.46126641],"iteration":11,"passed_time":0.2323630956,"remaining_time":3.640355164,,
{"learn":[25.56447011],"iteration":12,"passed_time":0.2372437724,"remaining_time":3.412660418,,
{"learn":[23.57877702],"iteration":13,"passed_time":0.2427226922,"remaining_time":3.224744339,,
{"learn":[21.82996766],"iteration":14,"passed_time":0.2470395818,"remaining_time":3.046821509,,
{"learn":[20.27845137],"iteration":15,"passed_time":0.2515432367,"remaining_time":2.892747223,,
{"learn":[18.75448343],"iteration":16,"passed_time":0.2562988827,"remaining_time":2.75898209,,
{"learn":[17.50573112],"iteration":17,"passed_time":0.2602230951,"remaining_time":2.63114462,
,
{"learn":[16.45939799],"iteration":18,"passed_time":0.2644000596,"remaining_time":2.51875846,
,
{"learn":[15.5612369],"iteration":19,"passed_time":0.2684941232,"remaining_time":2.416447109,,
{"learn":[14.69121788],"iteration":20,"passed_time":0.2732436171,"remaining_time":2.329076546,,
{"learn":[13.86386141],"iteration":21,"passed_time":0.277026268,"remaining_time":2.24139435},
{"learn":[13.30760731],"iteration":22,"passed_time":0.2808417033,"remaining_time":2.161260065},
{"learn":[12.70910736],"iteration":23,"passed_time":0.2845361842,"remaining_time":2.086598684},
{"learn":[12.14003482],"iteration":24,"passed_time":0.2896202511,"remaining_time":2.027341758},
{"learn":[11.70338556],"iteration":25,"passed_time":0.2934935316,"remaining_time":1.964149019},
{"learn":[11.20615244],"iteration":26,"passed_time":0.2975716389,"remaining_time":1.906662723,,
{"learn":[10.87248198],"iteration":27,"passed_time":0.301848721,"remaining_time":1.854213572},
{"learn":[10.58366969],"iteration":28,"passed_time":0.306367609,"remaining_time":1.806512453},
{"learn":[10.33022864],"iteration":29,"passed_time":0.3107412116,"remaining_time":1.760866866},
{"learn":[10.13498913],"iteration":30,"passed_time":0.3160772435,"remaining_time":1.723130779},
{"learn":[9.926396819],"iteration":31,"passed_time":0.320180817,"remaining_time":1.680949289},
{"learn":[9.689398891],"iteration":32,"passed_time":0.3239024228,"remaining_time":1.639142564},
{"learn":[9.505837731],"iteration":33,"passed_time":0.3283501974,"remaining_time":1.603121552},
{"learn":[9.356550775],"iteration":34,"passed_time":0.332451268,"remaining_time":1.567270264},
{"learn":[9.231978871],"iteration":35,"passed_time":0.3371521296,"remaining_time":1.535915257},
{"learn":[9.133555378],"iteration":36,"passed_time":0.3411460921,"remaining_time":1.502886838},
{"learn":[9.030930727],"iteration":37,"passed_time":0.3453246653,"remaining_time":1.47217357,
,
{"learn":[8.917094029],"iteration":38,"passed_time":0.3491763148,"remaining_time":1.44147145,
,
{"learn":[8.851015513],"iteration":39,"passed_time":0.3537843199,"remaining_time":1.4151372,
,
{"learn":[8.782188425],"iteration":40,"passed_time":0.3579485324,"remaining_time":1.3881418,
{,
{"learn":[8.676287701],"iteration":41,"passed_time":0.3624775473,"remaining_time":1.363606,
{",
{"learn":[8.632706748],"iteration":42,"passed_time":0.3666790726,"remaining_time":1.338804,
{",
{"learn":[8.530508909],"iteration":43,"passed_time":0.3717520217,"remaining_time":1.318029,
{",
{"learn":[8.431270546],"iteration":44,"passed_time":0.3760453799,"remaining_time":1.295267,
{,
{"learn":[8.389636538],"iteration":45,"passed_time":0.3797934659,"remaining_time":1.2714824,
{,
{"learn":[8.342625175],"iteration":46,"passed_time":0.384451041,"remaining_time":1.25151083,
,
{"learn":[8.307069122],"iteration":47,"passed_time":0.388506557,"remaining_time":1.230270764,,
{"learn":[8.247140424],"iteration":48,"passed_time":0.3943724515,"remaining_time":1.215311024,,
{"learn":[8.203422058],"iteration":49,"passed_time":0.3991872744,"remaining_time":1.197561823,,
{"learn":[8.159431091],"iteration":50,"passed_time":0.4041300894,"remaining_time":1.180693791,,
{"learn":[8.112710109],"iteration":51,"passed_time":0.4089834285,"remaining_time":1.164029758,,
{"learn":[8.041047252],"iteration":52,"passed_time":0.4132210936,"remaining_time":1.146103788,,
{"learn":[8.012224774],"iteration":53,"passed_time":0.4176520451,"remaining_time":1.129207381,,
{"learn":[7.948663222],"iteration":54,"passed_time":0.4223159136,"remaining_time":1.113378318,,
{"learn":[7.926545162],"iteration":55,"passed_time":0.4267997999,"remaining_time":1.0974852,,
{"learn":[7.895778979],"iteration":56,"passed_time":0.4309602772,"remaining_time":1.08118104,
,
{"learn":[7.856963605],"iteration":57,"passed_time":0.4355169116,"remaining_time":1.066265,
{",
{"learn":[7.830266521],"iteration":58,"passed_time":0.4396872629,"remaining_time":1.05077,
{"l,
{"learn":[7.791786394],"iteration":59,"passed_time":0.4436856498,"remaining_time":1.0352,
{"le,
{"learn":[7.76435677],"iteration":60,"passed_time":0.4480250428,"remaining_time":1.02090,
{"l,
{"learn":[7.729077403],"iteration":61,"passed_time":0.4527100031,"remaining_time":1.00764,
{"l,
{"learn":[7.670090429],"iteration":62,"passed_time":0.4566179845,"remaining_time":0.992962,
{"l,
{"learn":[7.626098054],"iteration":63,"passed_time":0.4607744535,"remaining_time":0.979145,
{"l,
{"learn":[7.59444677],"iteration":64,"passed_time":0.4651018878,"remaining_time":0.965980,
{",
{"learn":[7.552410897],"iteration":65,"passed_time":0.4694820809,"remaining_time":0.9531908,
{",
{"learn":[7.525607356],"iteration":66,"passed_time":0.4733440498,"remaining_time":0.93962,
{"l,
{"learn":[7.496895102],"iteration":67,"passed_time":0.477767686,"remaining_time":0.9274313,
{",
{"learn":[7.440086885],"iteration":68,"passed_time":0.4836985464,"remaining_time":0.9183,
{"lea,
{"learn":[7.38767507],"iteration":69,"passed_time":0.4889685616,"remaining_time":0.90808,
{"le,
{"learn":[7.361321331],"iteration":70,"passed_time":0.4929571638,"remaining_time":0.89565,
{"le,
{"learn":[7.327798195],"iteration":71,"passed_time":0.4973948479,"remaining_time":0.88425,
{"le,
{"learn":[7.301652716],"iteration":72,"passed_time":0.5013784195,"remaining_time":0.87226,
{"le,
{"learn":[7.281304971],"iteration":73,"passed_time":0.5052764545,"remaining_time":0.86033,
{"le,
{"learn":[7.255159627],"iteration":74,"passed_time":0.5091860723,"remaining_time":0.8486,
{"lea,
{"learn":[7.238974937],"iteration":75,"passed_time":0.5146900004,"remaining_time":0.8397,
{"le,
{"learn":[7.219977245],"iteration":76,"passed_time":0.5186779468,"remaining_time":0.82853,
{"le,
{"learn":[7.192649638],"iteration":77,"passed_time":0.5227337826,"remaining_time":0.81760,
{"le,
{"learn":[7.174991075],"iteration":78,"passed_time":0.526689664,"remaining_time":0.806701,
{"l,
{"learn":[7.154130545],"iteration":79,"passed_time":0.5315758871,"remaining_time":0.797363,
{"l,
{"learn":[7.121546958],"iteration":80,"passed_time":0.5358090477,"remaining_time":0.787176,
{"l,
{"learn":[7.092003507],"iteration":81,"passed_time":0.5397513547,"remaining_time":0.776715,
{"l,
{"learn":[7.061676502],"iteration":82,"passed_time":0.5438319327,"remaining_time":0.766606,
{"l,
{"learn":[7.031294737],"iteration":83,"passed_time":0.5483698546,"remaining_time":0.757272,
{"l,
{"learn":[6.997053964],"iteration":84,"passed_time":0.5518940947,"remaining_time":0.746680,
{"l,
{"learn":[6.973784364],"iteration":85,"passed_time":0.5560548844,"remaining_time":0.737096,
{"l,
{"learn":[6.947589575],"iteration":86,"passed_time":0.5606114056,"remaining_time":0.728150,
{"l,
{"learn":[6.907109023],"iteration":87,"passed_time":0.5651104506,"remaining_time":0.719231,
{"l,
{"learn":[6.883195502],"iteration":88,"passed_time":0.5695542802,"remaining_time":0.710342,
{"l,
{"learn":[6.859221979],"iteration":89,"passed_time":0.5733283811,"remaining_time":0.700734,
{",
{"learn":[6.803095849],"iteration":90,"passed_time":0.5771867789,"remaining_time":0.6913555,
{",
{"learn":[6.786836139],"iteration":91,"passed_time":0.5819125901,"remaining_time":0.6831147,
{",
{"learn":[6.761091835],"iteration":92,"passed_time":0.5860911228,"remaining_time":0.674319,
{",
{"learn":[6.743323829],"iteration":93,"passed_time":0.5905154032,"remaining_time":0.6659003483},
{"learn":[6.72707492],"iteration":94,"passed_time":0.5952106333,"remaining_time":0.6578643842},
{"learn":[6.71569313],"iteration":95,"passed_time":0.5989749441,"remaining_time":0.64888952,
{,
{"learn":[6.699600195],"iteration":96,"passed_time":0.6029240491,"remaining_time":0.6402183202},
{"learn":[6.67723397],"iteration":97,"passed_time":0.6071083802,"remaining_time":0.6318883141},
{"learn":[6.662802124],"iteration":98,"passed_time":0.6119983682,"remaining_time":0.6243619716},
{"learn":[6.642719839],"iteration":99,"passed_time":0.616101952,"remaining_time":0.616101952},
{"learn":[6.596321456],"iteration":100,"passed_time":0.6205014774,"remaining_time":0.6082143194},
{"learn":[6.583523318],"iteration":101,"passed_time":0.6246616609,"remaining_time":0.6001651252},
{"learn":[6.554235293],"iteration":102,"passed_time":0.6297997424,"remaining_time":0.5931123788},
{"learn":[6.532774446],"iteration":103,"passed_time":0.6336027958,"remaining_time":0.5848641192},
{"learn":[6.521069079],"iteration":104,"passed_time":0.6376289688,"remaining_time":0.5769024003},
{"learn":[6.490792365],"iteration":105,"passed_time":0.6414663074,"remaining_time":0.5688474802},
{"learn":[6.482664233],"iteration":106,"passed_time":0.6456715398,"remaining_time":0.5611911514},
{"learn":[6.448590264],"iteration":107,"passed_time":0.6496297006,"remaining_time":0.5533882635},
{"learn":[6.432335043],"iteration":108,"passed_time":0.654065607,"remaining_time":0.5460547729},
{"learn":[6.404578063],"iteration":109,"passed_time":0.6581423173,"remaining_time":0.5384800778},
{"learn":[6.38412844],"iteration":110,"passed_time":0.6624052688,"remaining_time":0.531117738},
{"learn":[6.362298594],"iteration":111,"passed_time":0.6665125006,"remaining_time":0.5236883933},
{"learn":[6.352783874],"iteration":112,"passed_time":0.6704532518,"remaining_time":0.5161896718},
{"learn":[6.329271132],"iteration":113,"passed_time":0.6745451047,"remaining_time":0.5088673597},
{"learn":[6.319927049],"iteration":114,"passed_time":0.6792125946,"remaining_time":0.5020267004},
{"learn":[6.308077522],"iteration":115,"passed_time":0.6842788231,"remaining_time":0.4955122512},
{"learn":[6.292136427],"iteration":116,"passed_time":0.6881666982,"remaining_time":0.488186632},
{"learn":[6.269910455],"iteration":117,"passed_time":0.6921910773,"remaining_time",
{"learn":[6.,
{"learn":[6.253984572],"iteration":118,"passed_time":0.6959080673,"remaining_time",
{"learn":[6.,
{"learn":[6.23325395],"iteration":119,"passed_time":0.7003266998,"remaining_time",
{"learn":[6.,
{"learn":[6.214719902],"iteration":120,"passed_time":0.7040983676,"remaining_time",
{"learn":[6.,
{"learn":[6.196788748],"iteration":121,"passed_time":0.7092242205,"remaining_time,
{"learn":[6.4,
{"learn":[6.170419336],"iteration":122,"passed_time":0.7133597016,"remaining_time,
{"learn":[6.4,
{"learn":[6.160520466],"iteration":123,"passed_time":0.7172420593,"remaining_tim,
{"learn":[6.45,
{"learn":[6.15088227],"iteration":124,"passed_time":0.7213313286,"remaining_ti,
{"learn":[6.437,
{"learn":[6.145806344],"iteration":125,"passed_time":0.7264413601,"remaining_ti,
{"learn":[6.430,
{"learn":[6.136058113],"iteration":126,"passed_time":0.7301877861,"remaining_ti,
{"learn":[6.412,
{"learn":[6.126126215],"iteration":127,"passed_time":0.7342187809,"remaining_ti,
{"learn":[6.395,
{"learn":[6.122771573],"iteration":128,"passed_time":0.7384114836,"remaining_ti,
{"learn":[6.36,
{"learn":[6.119018622],"iteration":129,"passed_time":0.7431723167,"remaining_tim,
{"learn":[6.3,
{"learn":[6.105353597],"iteration":130,"passed_time":0.7473300292,"remaining_time,
{"learn":[6.3,
{"learn":[6.101304024],"iteration":131,"passed_time":0.7513010078,"remaining_tim,
{"learn":[6.33,
{"learn":[6.0786763],"iteration":132,"passed_time":0.755620854,"remaining_time":,
{"learn":[6,
{"learn":[6.076093201],"iteration":133,"passed_time":0.7600913973,"remaining_time",
{"learn":[6.,
{"learn":[6.063092842],"iteration":134,"passed_time":0.7643341798,"remaining_time",
{"learn":[6.,
{"learn":[6.060988811],"iteration":135,"passed_time":0.7684628426,"remaining_time",
{"learn":[6,
{"learn":[6.038645627],"iteration":136,"passed_time":0.7726590089,"remaining_time",
{"learn":[6.,
{"learn":[6.011175853],"iteration":137,"passed_time":0.7766918331,"remaining_time",
{"learn":[6.,
{"learn":[5.989637052],"iteration":138,"passed_time":0.7809236019,"remaining_time,
{"learn":[6,
{"learn":[5.973910725],"iteration":139,"passed_time":0.7852829557,"remaining_time":,
{"learn":[6,
{"learn":[5.962037069],"iteration":140,"passed_time":0.7908592302,"remaining_time":,
{"learn":[6,
{"learn":[5.942428827],"iteration":141,"passed_time":0.7947805339,"remaining_time",
{"learn":[6.,
{"learn":[5.921076658],"iteration":142,"passed_time":0.7990127862,"remaining_time",
{"learn":[6.,
{"learn":[5.90279466],"iteration":143,"passed_time":0.8028932807,"remaining_time":,
{"learn":[6,
{"learn":[5.89217064],"iteration":144,"passed_time":0.8071487748,"remaining_time":0,
{"learn":[,
{"learn":[5.876101647],"iteration":145,"passed_time":0.8111276323,"remaining_time":0,
{"learn":[,
{"learn":[5.851261196],"iteration":146,"passed_time":0.8152482315,"remaining_time":0,
{"learn":[,
{"learn":[5.837042004],"iteration":147,"passed_time":0.819381796,"remaining_time":0.,
{"learn":,
{"learn":[5.824760112],"iteration":148,"passed_time":0.8240720897,"remaining_time":0.,
{"learn":,
{"learn":[5.806804618],"iteration":149,"passed_time":0.8281378784,"remaining_time":,
{"learn":[6,
{"learn":[5.789910051],"iteration":150,"passed_time":0.8324952636,"remaining_time",
{"learn":[6.,
{"learn":[5.767959301],"iteration":151,"passed_time":0.8370927456,"remaining_time,
{"learn":[6.0,
{"learn":[5.747390446],"iteration":152,"passed_time":0.8414180981,"remaining_tim,
{"learn":[6.01,
{"learn":[5.736456172],"iteration":153,"passed_time":0.8460320107,"remaining_tim,
{"learn":[6.00,
{"learn":[5.724358174],"iteration":154,"passed_time":0.8501173226,"remaining_tim,
{"learn":[5.99,
{"learn":[5.713813813],"iteration":155,"passed_time":0.8542737921,"remaining_tim,
{"learn":[5.97,
{"learn":[5.704214146],"iteration":156,"passed_time":0.8586424095,"remaining_ti,
{"learn":[5.960,
{"learn":[5.694178809],"iteration":157,"passed_time":0.8628733093,"remaining_ti,
{"learn":[5.95,
{"learn":[5.687000729],"iteration":158,"passed_time":0.867157065,"remaining_tim,
{"learn":[5.94,
{"learn":[5.673757736],"iteration":159,"passed_time":0.8718232083,"remaining_ti,
{"learn":[5.931,
{"learn":[5.660428575],"iteration":160,"passed_time":0.8758792536,"remaining_ti,
{"learn":[5.922,
{"learn":[5.64477659],"iteration":161,"passed_time":0.8802810277,"remaining_tim,
{"learn":[5.90,
{"learn":[5.637796883],"iteration":162,"passed_time":0.8842996246,"remaining_tim,
{"learn":[5.90,
{"learn":[5.62147653],"iteration":163,"passed_time":0.8889681423,"remaining_time,
{"learn":[5.8,
{"learn":[5.605445267],"iteration":164,"passed_time":0.893609802,"remaining_tim,
{"learn":[5.88,
{"learn":[5.59760388],"iteration":165,"passed_time":0.8983046483,"remaining_time,
{"learn":[5.8,
{"learn":[5.585833484],"iteration":166,"passed_time":0.9038958092,"remaining_time,
{"learn":[5.8,
{"learn":[5.563895522],"iteration":167,"passed_time":0.9083615781,"remaining_time,
{"learn":[5.,
{"learn":[5.549106348],"iteration":168,"passed_time":0.9119549559,"remaining_time",
{"learn":[5.,
{"learn":[5.531204183],"iteration":169,"passed_time":0.9157101526,"remaining_time",
{"learn":[5.,
{"learn":[5.518726796],"iteration":170,"passed_time":0.9202940428,"remaining_time",
{"learn":[5.,
{"learn":[5.511059457],"iteration":171,"passed_time":0.924523403,"remaining_time",
{"learn":[5.,
{"learn":[5.495147017],"iteration":172,"passed_time":0.9285274221,"remaining_time",
{"learn":[5.,
{"learn":[5.48317175],"iteration":173,"passed_time":0.9323526765,"remaining_time":,
{"learn":[5,
{"learn":[5.47401932],"iteration":174,"passed_time":0.937109979,"remaining_time":0.,
{"learn":,
{"learn":[5.453899018],"iteration":175,"passed_time":0.9418712275,"remaining_time":0.,
{"learn":,
{"learn":[5.435541479],"iteration":176,"passed_time":0.9469663766,"remaining_time":0.,
{"learn",
{"learn":[5.428435206],"iteration":177,"passed_time":0.9533129238,"remaining_time":0.1,
{"learn",
{"learn":[5.417206972],"iteration":178,"passed_time":0.9592366346,"remaining_time":0.,
{"learn":,
{"learn":[5.408308579],"iteration":179,"passed_time":0.9636281154,"remaining_time":0.,
{"learn":,
{"learn":[5.396779003],"iteration":180,"passed_time":0.9688341697,"remaining_time":0,
{"learn":[5.687113298],"iteration":181,"passed_time":0.9764033263,"remaining_time":0.09656736195},
{"learn":[5.677661502],"iteration":182,"passed_time":0.9806660032,"remaining_time":0.09110012052},
{"learn":[5.673772804],"iteration":183,"passed_time":0.9858408975,"remaining_time":0.08572529544},
{"learn":[5.664627789],"iteration":184,"passed_time":0.9896836497,"remaining_time":0.08024462025},
{"learn":[5.646462194],"iteration":185,"passed_time":0.9937588998,"remaining_time":0.07479905698},
{"learn":,
{"learn":[5.33595713],"iteration":186,"passed_time":0.9950456409,"remaining_time":0,
{"learn":[5.618975733],"iteration":187,"passed_time":1.002883414,"remaining_time":0.06401383494},
{"learn":[5.603596114],"iteration":188,"passed_time":1.006891865,"remaining_time":0.05860217201},
{"learn":[5.60031617],"iteration":189,"passed_time":1.011423316,"remaining_time":0.05323280608},
{"learn":[5.592183377],"iteration":190,"passed_time":1.015804142,"remaining_time":0.04786511665},
{"learn":[5.,
{"learn":[5.284751261],"iteration":191,"passed_time":1.017345626,"remaining_time":,
{"learn":[5.,
{"learn":[5.275063871],"iteration":192,"passed_time":1.020946542,"remaining_time":,
{"learn":[5.,
{"learn":[5.260510657],"iteration":193,"passed_time":1.025053326,"remaining_time":,
{"learn":[5,
{"learn":[5.253378338],"iteration":194,"passed_time":1.029354889,"remaining_time":0,
{"learn":[5,
{"learn":[5.247185485],"iteration":195,"passed_time":1.034171867,"remaining_time":,
{"learn":[5.,
{"learn":[5.240055894],"iteration":196,"passed_time":1.038295856,"remaining_time":,
{"learn":[5.,
{"learn":[5.231235281],"iteration":197,"passed_time":1.042547343,"remaining_time":,
{"learn":[5.,
{"learn":[5.212936213],"iteration":198,"passed_time":1.047086475,"remaining_time":0,
{"learn":[5.,
{"learn":[5.205037032],"iteration":199,"passed_time":1.05116691,"remaining_time":0}
]}